"","id","x","y","HBWID","focal","ncell","area","neighbours","nothing","biome_area_1","biome_area_2","biome_area_3","biome_area_4","biome_area_5","biome_area_6","biome_area_7","biome_area_8","biome_area_9","biome_area_10","biome_area_11","biome_area_12","biome_area_13","biome_area_14","LC_0","LC_1","LC_2","LC_3","LC_4","LC_5","LC_6","LC_7","LC_8","LC_9","LC_10","LC_11","LC_12","LC_13","LC_14","LC_15","LC_16","srTotal","srCarnivore","srOmnivore","srHerbivore","srNonthreatened","srThreatened","lt10kg","lt100kg","gt100kg","rs1","rs2","rs3","nocturnal","crepuscular","diurnal","crep_diurn","noct_crep_diurn","noct_crep","nothing","biome_1","biome_2","biome_3","biome_4","biome_5","biome_6","biome_7","biome_8","biome_9","biome_10","biome_11","biome_12","biome_13","biome_14","LC_sp_0","LC_sp_1","LC_sp_2","LC_sp_3","LC_sp_4","LC_sp_5","LC_sp_6","LC_sp_7","LC_sp_8","LC_sp_9","LC_sp_10","LC_sp_11","LC_sp_12","LC_sp_13","LC_sp_14","LC_sp_15","LC_sp_16","h_mean","h_pc0","fer_mean","fer_pc","irr_area_p","rice_ha","cereal_ha","wheat_ha","maize_ha","oil_p_ha","soy_ha","h_mean_cut","fer_mean_cut","fer_pc_cut","irr_area_p_cut","rice_ha_cut","cereal_ha_cut","wheat_ha_cut","maize_ha_cut","oil_p_ha_cut","soy_ha_cut"
"1",1,28.5,-14.96599,25769,3,9,111278.7,"25408,25409,25410,25768,25769,25770,26128,26129,26130",0,0,0,0,0,0,0,0,12364.3,0,0,98914.4,0,0,0,0,0,0,0,0,0,0,0,49457.2,61821.5,0,0,0,0,0,0,0,181,92,36,53,170,7,140,26,15,3,7,171,119,1,18,10,21,12,0,0,0,0,0,0,0,0,147,0,0,181,0,0,0,0,0,0,0,0,0,0,0,171,175,0,0,0,0,0,0,0,0.108230811111111,99.8575444444444,0.437896111111111,100,0.935490444444445,8.17901555555556e-05,0.01655282,0.000541548333333333,0.0146804544444444,0,0.000459935888888889,"Low","Low","High","Low","Low","Low","Low","Medium",NA,"Low"
"2",2,79.5,28.34806,10700,5,25,309107.5,"9978,9979,9980,9981,9982,10338,10339,10340,10341,10342,10698,10699,10700,10701,10702,11058,11059,11060,11061,11062,11418,11419,11420,11421,11422",0,0,0,12364.3,0,0,37092.9,12364.3,0,0,37092.9,0,12364.3,197828.8,0,0,0,0,0,0,86550.1,0,0,0,0,24728.6,0,197828.8,0,0,0,0,157,73,34,50,138,18,119,27,11,4,27,126,88,1,9,13,24,22,0,0,0,99,0,0,116,93,0,0,124,0,131,66,0,0,0,0,0,0,136,0,0,0,0,94,0,123,0,0,0,0,0.664884684,99.615308,35.114254132,100,34.4571998,0.108687005084,0.42998314588,0.232978799256,0.024088969324,0,0.002765771048,"High","High","High","High","Medium","High","High","Medium",NA,"Low"
"3",3,-62.5,57.29166,2998,5,14,163619.91437,"NA,NA,NA,NA,NA,2636,NA,NA,NA,NA,2996,2997,2998,NA,NA,3356,3357,3358,3359,3360,3716,3717,3718,3719,3720",0,152679.68228,10940.23209,0,0,0,0,0,0,0,0,0,0,0,0,7514.62411,24258.17702,0,0,0,0,0,94754.21324,37092.9,0,0,0,0,0,0,0,0,37,13,11,13,36,1,30,5,2,0,1,36,16,0,4,1,8,8,0,20,37,0,0,0,0,0,0,0,0,0,0,0,0,33,36,0,0,0,0,0,34,34,0,0,0,0,0,0,0,0,0.025892315,30.2095428571429,0,0,0.000190476428571429,1e-04,0,0,0,0,0,"Low",NA,NA,"Low","Low",NA,NA,NA,NA,NA
"4",4,40.5,-1.79614,21101,9,52,626941.00817,"19657,19658,19659,19660,19661,19662,19663,19664,19665,20017,20018,20019,20020,20021,20022,20023,20024,NA,20377,20378,20379,20380,20381,20382,20383,NA,NA,20737,20738,20739,20740,20741,20742,NA,NA,NA,21097,21098,21099,21100,21101,21102,NA,NA,NA,21457,21458,21459,21460,21461,NA,NA,NA,NA,21817,21818,21819,21820,NA,NA,NA,NA,NA,22177,22178,22179,22180,NA,NA,NA,NA,NA,22537,22538,22539,NA,NA,NA,NA,NA,NA",0,0,0,0,0,0,0,74185.8,0,0,0,457402.78909,95352.41908,0,0,22128.71614,0,0,0,0,0,0,160735.9,0,73912.91604,308480.10838,0,0,0,61683.36761,0,0,338,157,90,89,287,28,279,39,19,41,51,245,215,3,36,15,38,30,0,0,0,0,0,0,0,163,0,0,0,325,247,0,0,189,0,0,0,0,0,0,219,0,246,314,0,0,0,259,0,0,0.246834484615385,97.672075,0.619352563461538,100,0.375288776923077,0.000325053553076923,0.0268583086538462,0.00166493011538462,0.0193711353846154,1.33546923076923e-07,2.67093846153846e-07,"Medium","Low","High","Low","Low","Low","Low","Medium","Low","Low"
"5",5,71.5,28.34806,10692,7,49,605850.7,"9609,9610,9611,9612,9613,9614,9615,9969,9970,9971,9972,9973,9974,9975,10329,10330,10331,10332,10333,10334,10335,10689,10690,10691,10692,10693,10694,10695,11049,11050,11051,11052,11053,11054,11055,11409,11410,11411,11412,11413,11414,11415,11769,11770,11771,11772,11773,11774,11775",0,0,0,0,0,0,0,568757.8,0,0,0,0,0,37092.9,0,0,0,0,0,0,0,0,210193.1,0,0,0,0,333836.1,0,0,0,61821.5,133,63,41,29,120,13,110,19,4,1,18,114,82,1,9,8,13,20,0,0,0,0,0,0,0,131,0,0,0,0,0,68,0,0,0,0,0,0,0,0,103,0,0,0,0,111,0,0,0,86,0.264073828571429,57.4687942040816,28.2518379183673,99.8866204081633,25.9615594489796,0.0403263041530612,0.253869994081633,0.128116589469388,0.0129528968559184,0,0.00113422203591837,"Medium","High","High","High","Low","Medium","High","Low",NA,"Low"
"6",6,-71.5,59.19334,2629,7,41,477418.86812,"NA,1547,1548,1549,1550,1551,1552,NA,NA,NA,1909,1910,1911,1912,2266,2267,2268,2269,NA,NA,NA,2626,2627,2628,2629,2630,2631,NA,2986,2987,2988,2989,2990,2991,2992,3346,3347,3348,3349,3350,3351,3352,3706,3707,3708,3709,3710,3711,3712",0,266976.87221,210441.99591,0,0,0,0,0,0,0,0,0,0,0,0,0,0,0,0,0,0,0,262822.6606,74185.8,0,140410.40752,0,0,0,0,0,0,37,13,10,14,36,1,30,5,2,0,1,36,16,0,4,1,8,8,0,27,35,0,0,0,0,0,0,0,0,0,0,0,0,0,0,0,0,0,0,0,35,31,0,18,0,0,0,0,0,0,0.00610842321951219,10.9263606829268,0,0,0,1e-04,0,0,0,0,0,"Low",NA,NA,NA,"Low",NA,NA,NA,NA,NA
"7",7,-123.5,48.94875,4737,1,1,7282.7015,"4737",0,0,0,7282.7015,0,0,0,0,0,0,0,0,0,0,0,7282.7015,0,0,0,0,0,0,0,0,0,0,0,0,0,0,0,0,64,26,17,21,63,1,55,8,1,1,14,49,27,0,5,2,20,10,0,0,0,64,0,0,0,0,0,0,0,0,0,0,0,64,0,0,0,0,0,0,0,0,0,0,0,0,0,0,0,0,0.12619,95.0495,0.418667,100,0.334387,1e-04,0.000282407,2.31481e-05,9.25926e-06,0,0,"Medium","Low","High","Low","Low","Low","Low","Low",NA,NA
"8",8,117.5,-0.79584,20818,5,16,167286.08118,"20096,20097,20098,20099,NA,20456,20457,20458,NA,NA,20816,20817,20818,NA,NA,21176,21177,NA,NA,21180,21536,21537,NA,NA,21540",0,0,0,0,0,0,0,0,0,0,0,0,167286.08118,0,0,30923.30753,0,136362.77365,0,0,0,0,0,0,0,0,0,0,0,0,0,0,224,93,59,71,152,46,212,8,4,21,75,128,155,1,44,2,10,12,0,0,0,0,0,0,0,0,0,0,0,0,224,0,0,129,0,224,0,0,0,0,0,0,0,0,0,0,0,0,0,0,0.19029675,98.188325,4.213245,100,0.2799153125,0.024276916875,0.025378056875,0,0.00102343768125,0.00452516875,0.00051996529,"Medium","Low","High","Low","Low","Low",NA,"Low","Medium","Low"
"9",9,79.5,26.09861,11420,9,81,1001508.3,"9976,9977,9978,9979,9980,9981,9982,9983,9984,10336,10337,10338,10339,10340,10341,10342,10343,10344,10696,10697,10698,10699,10700,10701,10702,10703,10704,11056,11057,11058,11059,11060,11061,11062,11063,11064,11416,11417,11418,11419,11420,11421,11422,11423,11424,11776,11777,11778,11779,11780,11781,11782,11783,11784,12136,12137,12138,12139,12140,12141,12142,12143,12144,12496,12497,12498,12499,12500,12501,12502,12503,12504,12856,12857,12858,12859,12860,12861,12862,12863,12864",0,0,0,86550.1,0,0,86550.1,12364.3,0,0,61821.5,0,321471.8,432750.5,0,0,0,0,0,0,111278.7,0,0,74185.8,0,74185.8,0,741858,0,0,0,0,197,96,47,54,167,26,155,30,12,8,38,151,114,1,15,15,25,27,0,0,0,99,0,0,121,118,0,0,147,0,162,94,0,0,0,0,0,0,151,0,0,86,0,110,0,161,0,0,0,0,0.678041351851852,98.8745074074074,27.8141879968593,97.8257883950617,27.7168443945679,0.126274449146914,0.395781498313333,0.188197555276543,0.0220988077024691,0,0.0448905582345679,"High","High","High","High","Medium","High","High","Medium",NA,"High"
"10",10,110.5,41.82327,6771,1,1,12364.3,"6771",0,0,0,0,0,0,0,12364.3,0,0,0,0,0,0,0,0,0,0,0,0,0,0,0,0,0,12364.3,0,0,0,0,0,0,45,10,8,27,40,3,38,5,2,0,2,43,19,0,4,5,11,6,0,0,0,0,0,0,0,45,0,0,0,0,0,0,0,0,0,0,0,0,0,0,0,0,0,45,0,0,0,0,0,0,0.135953,100,11.3507,100,0.204981,1e-04,0.0281823,0.0174062,0.00071875,0,0.00294271,"Medium","Medium","High","Low","Low","Low","Low","Low",NA,"Low"
"11",11,85.5,23.89166,12146,7,47,573588.18426,"11063,11064,11065,11066,11067,11068,11069,11423,11424,11425,11426,11427,11428,11429,11783,11784,11785,11786,11787,11788,11789,12143,12144,12145,12146,12147,12148,12149,12503,12504,12505,12506,12507,12508,12509,12863,12864,12865,12866,12867,12868,12869,13223,13224,13225,13226,13227,NA,NA",0,0,0,0,7925.70949,0,0,0,0,0,0,37092.9,173100.2,12364.3,343105.07477,7925.70949,0,0,0,0,49457.2,0,0,74185.8,0,0,0,417290.87477,0,24728.6,0,0,238,121,56,61,196,28,196,30,12,13,52,173,149,1,19,14,33,22,0,0,0,0,196,0,0,0,0,0,0,136,187,91,58,58,0,0,0,0,205,0,0,79,0,0,0,188,0,67,0,0,0.697933446808511,99.8706744680851,31.5997936170213,100,21.3549371489362,0.362114368085106,0.512863787234043,0.109098746893617,0.0289186870659574,0,0.00196024492553191,"High","High","High","High","High","High","High","Medium",NA,"Low"
"12",12,50.5,47.448,5271,3,6,72799.00207,"4910,4911,4912,5270,5271,5272,NA,NA,NA",0,0,0,0,0,0,0,72799.00207,0,0,0,0,0,0,0,0,0,0,0,0,0,0,0,0,0,72799.00207,0,0,0,0,0,0,56,21,19,16,54,2,50,5,1,0,1,55,32,1,5,4,9,5,0,0,0,0,0,0,0,56,0,0,0,0,0,0,0,0,0,0,0,0,0,0,0,0,0,56,0,0,0,0,0,0,0.169993133333333,98.3121666666667,0.015930545,55.8333333333333,0.373604,1e-04,0.004423616,0.00278086401666667,0,0,0,"Medium","Low","Medium","Low","Low","Low","Low",NA,NA,NA
"13",13,16.5,11.27734,16397,9,81,1001508.3,"14953,14954,14955,14956,14957,14958,14959,14960,14961,15313,15314,15315,15316,15317,15318,15319,15320,15321,15673,15674,15675,15676,15677,15678,15679,15680,15681,16033,16034,16035,16036,16037,16038,16039,16040,16041,16393,16394,16395,16396,16397,16398,16399,16400,16401,16753,16754,16755,16756,16757,16758,16759,16760,16761,17113,17114,17115,17116,17117,17118,17119,17120,17121,17473,17474,17475,17476,17477,17478,17479,17480,17481,17833,17834,17835,17836,17837,17838,17839,17840,17841",0,0,0,0,0,0,0,0,0,0,0,989144,0,0,0,0,0,0,0,0,0,0,0,160735.9,222557.4,272014.6,0,12364.3,0,185464.5,0,148371.6,199,89,53,56,179,10,151,34,14,3,10,186,129,0,17,14,18,21,0,0,0,0,0,0,0,0,0,0,0,199,0,0,0,0,0,0,0,0,0,0,0,154,142,108,0,66,0,145,0,69,0.191491709876543,95.8790716049383,0.276264102592593,88.8651469135802,0.0814423269259259,0.00108932815802469,0.0300004995679012,1.45747555555556e-06,0.00404334806666667,1.62893827160494e-06,0.000138724014814815,"Medium","Low","High","Low","Low","Low","Low","Low","Low","Low"
"14",14,126.5,52.09608,4267,1,1,12364.3,"4267",0,0,0,0,12364.3,0,0,0,0,0,0,0,0,0,0,0,0,0,0,0,12364.3,0,0,0,0,0,0,0,0,0,0,0,56,26,11,19,54,2,45,8,3,0,0,56,22,0,5,3,18,8,0,0,0,0,56,0,0,0,0,0,0,0,0,0,0,0,0,0,0,0,56,0,0,0,0,0,0,0,0,0,0,0,0.0972447,99.1228,1.36531,100,0,1e-04,0.00564035,0.00337281,6.14035e-05,0,0.00244737,"Low","Low","High",NA,"Low","Low","Low","Low",NA,"Low"
"15",15,127.5,53.75572,3908,7,49,605850.7,"2825,2826,2827,2828,2829,2830,2831,3185,3186,3187,3188,3189,3190,3191,3545,3546,3547,3548,3549,3550,3551,3905,3906,3907,3908,3909,3910,3911,4265,4266,4267,4268,4269,4270,4271,4625,4626,4627,4628,4629,4630,4631,4985,4986,4987,4988,4989,4990,4991",0,0,284378.9,24728.6,185464.5,98914.4,0,0,12364.3,0,0,0,0,0,0,0,0,0,173100.2,0,210193.1,0,86550.1,0,0,0,0,49457.2,0,86550.1,0,0,78,33,14,31,74,4,63,12,3,0,1,77,29,1,10,5,25,8,0,0,52,63,73,58,0,0,61,0,0,0,0,0,0,0,0,0,50,0,72,0,43,0,0,0,0,66,0,67,0,0,0.0816577906122449,76.4813142857143,2.61533754285714,58.1146751020408,0.281068058571429,0.000344283133265306,0.0124840712653061,0.00727998736734694,0.00159230510938776,0,0.0072946159877551,"Low","Low","Medium","Low","Low","Low","Low","Low",NA,"Medium"
"16",16,-116.5,31.81585,9424,1,1,8695.19398,"9424",0,0,0,0,0,0,0,0,0,8695.19398,0,0,0,0,0,0,0,0,0,0,0,0,8695.19398,0,0,0,0,0,0,0,0,0,61,28,18,15,61,0,57,4,0,2,16,43,45,0,4,0,6,6,0,0,0,0,0,0,0,0,0,61,0,0,0,0,0,0,0,0,0,0,0,0,61,0,0,0,0,0,0,0,0,0,0.111236,100,2.4424,100,1.90352,1e-04,0.0105774,0.00930952,0.000196429,0,0,"Low","Low","High","Low","Low","Low","Low","Low",NA,NA
"17",17,82.5,28.34806,10703,3,9,111278.7,"10342,10343,10344,10702,10703,10704,11062,11063,11064",0,0,0,24728.6,0,0,12364.3,0,0,0,24728.6,0,49457.2,0,0,0,0,0,0,0,49457.2,0,0,0,0,24728.6,0,37092.9,0,0,0,0,139,62,32,45,114,22,102,25,12,5,25,109,75,1,11,10,22,20,0,0,0,99,0,0,93,0,0,0,122,0,116,0,0,0,0,0,0,0,131,0,0,0,0,93,0,101,0,0,0,0,0.481662222222222,98.0103222222222,26.3088811111111,98.3333333333333,17.2437343188889,0.159953635977778,0.347593196,0.133940276222222,0.0435385038888889,0,0.00104797522222222,"High","High","High","High","Medium","High","High","Medium",NA,"Low"
"18",18,24.5,28.34806,10645,3,9,111278.7,"10284,10285,10286,10644,10645,10646,11004,11005,11006",0,0,0,0,0,0,0,111278.7,0,0,0,0,0,0,0,0,0,0,0,0,0,0,0,0,0,0,0,0,0,0,0,111278.7,21,5,12,4,19,2,17,4,0,0,0,21,10,0,1,2,0,8,0,0,0,0,0,0,0,21,0,0,0,0,0,0,0,0,0,0,0,0,0,0,0,0,0,0,0,0,0,0,0,21,-0.000111111111111111,0,0,0,0.0220096666666667,1e-04,0,0,0,0,0,"Low",NA,NA,"Low","Low",NA,NA,NA,NA,NA
"19",19,102.5,26.09861,11443,5,25,309107.5,"10721,10722,10723,10724,10725,11081,11082,11083,11084,11085,11441,11442,11443,11444,11445,11801,11802,11803,11804,11805,12161,12162,12163,12164,12165",0,0,0,49457.2,0,0,0,0,0,0,0,0,259650.3,0,0,0,0,0,0,0,259650.3,0,0,24728.6,0,0,0,24728.6,0,0,0,0,241,105,76,60,200,31,210,25,6,12,60,169,139,1,31,9,44,17,0,0,0,179,0,0,0,0,0,0,0,0,226,0,0,0,0,0,0,0,237,0,0,135,0,0,0,128,0,0,0,0,0.34977996,99.948044,15.9897988,100,3.800398948,0.02196107424,0.0745849456,0.01988664392,0.0280187276,0,0.01203432572,"High","Medium","High","Medium","Low","Medium","Low","Medium",NA,"Medium"
"20",20,-108.5,27.21765,10872,3,8,98277.82438,"10511,10512,10513,10871,10872,10873,NA,11232,11233",0,0,0,0,0,0,0,0,0,0,49457.2,0,0,48820.62438,0,0,0,0,0,0,0,0,12364.3,85913.52438,0,0,0,0,0,0,0,0,129,51,50,28,127,1,123,6,0,5,33,91,96,0,10,2,12,9,0,0,0,0,0,0,0,0,0,0,125,0,0,109,0,0,0,0,0,0,0,0,88,124,0,0,0,0,0,0,0,0,0.102361775,97.52845,5.58193475,100,5.413285025,1e-04,0.02781353375,0.0188031571,0.003783194125,0,9.6039425e-05,"Low","Low","High","Medium","Low","Low","Low","Low",NA,"Low"
"21",21,-74.5,-12.90513,24946,3,9,111275.80212,"24585,24586,24587,24945,24946,24947,25305,25306,25307",0,0,0,0,0,0,12361.40212,37092.9,0,0,0,0,61821.5,0,0,0,0,37092.9,0,0,0,0,0,0,0,61821.5,0,0,0,0,0,12361.40212,245,81,96,68,209,22,227,15,3,13,52,180,176,2,16,3,34,14,0,0,0,0,0,0,144,48,0,0,0,0,229,0,0,0,0,226,0,0,0,0,0,0,0,153,0,0,0,0,0,48,0.121386444444444,92.9487333333333,2.41362577777778,99.3055555555556,2.127178,0.00369456122222222,0.0176117766666667,0.00167645966666667,0.00761568955555556,3.92924888888889e-05,0,"Medium","Low","High","Low","Low","Low","Low","Low","Low",NA
"22",22,-86.5,12.29894,15934,1,1,10200.06453,"15934",0,0,0,0,0,0,0,0,0,0,0,0,0,10200.06453,0,0,0,0,0,0,0,0,0,0,0,0,0,0,0,10200.06453,0,0,144,56,52,36,135,3,135,8,1,6,22,116,106,0,7,3,15,13,0,0,0,0,0,0,0,0,0,0,0,0,0,144,0,0,0,0,0,0,0,0,0,0,0,0,0,0,0,144,0,0,0.243419,100,3.289,100,0.599595,0.0101111,0.0499583,0,0.0342361,1.38889e-05,0.000875,"Medium","Low","High","Low","Low","Low",NA,"Medium","Low","Low"
"23",23,-105.5,33.00047,9075,3,9,111278.7,"8714,8715,8716,9074,9075,9076,9434,9435,9436",0,0,0,98914.4,0,0,0,12364.3,0,0,0,0,0,0,0,0,0,0,0,0,0,0,98914.4,0,0,12364.3,0,0,0,0,0,0,121,40,45,36,117,2,111,9,1,4,19,98,71,0,15,0,18,17,0,0,0,86,0,0,0,120,0,0,0,0,0,0,0,0,0,0,0,0,0,0,121,0,0,89,0,0,0,0,0,0,0.0529817888888889,93.2275222222222,1.54109321111111,69.6913555555556,1.64285433333333,1e-04,0.000648236806666667,0.000242328093333333,0.000259259222222222,0,0,"Low","Low","Medium","Low","Low","Low","Low","Low",NA,NA
"24",24,27.5,2.20485,19648,3,9,111278.7,"19287,19288,19289,19647,19648,19649,20007,20008,20009",0,0,0,0,0,0,0,0,0,0,0,0,111278.7,0,0,0,0,98914.4,0,0,0,0,0,12364.3,0,0,0,0,0,0,0,0,241,112,68,60,221,6,205,27,9,4,30,207,168,0,33,7,21,12,0,0,0,0,0,0,0,0,0,0,0,0,241,0,0,0,0,228,0,0,0,0,0,198,0,0,0,0,0,0,0,0,0.0336217555555556,98.9969111111111,0,0,0,0.000187500111111111,0.000367283888888889,0,0.000167438333333333,8.48766e-06,0,"Low",NA,NA,NA,"Low","Low",NA,"Low","Low",NA
"25",25,142.5,-33.70876,32003,7,47,579726.86602,"30920,30921,30922,30923,30924,30925,30926,31280,31281,31282,31283,31284,31285,31286,31640,31641,31642,31643,31644,31645,31646,32000,32001,32002,32003,32004,32005,32006,32360,32361,32362,32363,32364,32365,32366,NA,32721,32722,32723,32724,32725,32726,NA,33081,33082,33083,33084,33085,33086",0,0,0,0,148371.6,208797.86602,0,61821.5,0,160735.9,0,0,0,0,0,0,0,12364.3,0,0,0,0,358564.7,0,0,37092.9,0,171704.96602,0,0,0,0,84,38,24,22,74,9,75,9,0,10,28,46,74,0,1,0,3,6,0,0,0,0,58,51,0,45,0,66,0,0,0,0,0,0,0,48,0,0,0,0,54,0,0,35,0,69,0,0,0,0,0.264006331914894,84.4203382978723,3.12164742978723,98.8179659574468,1.7409004,0.00140490567148936,0.0676621458085106,0.0395695498510638,0.000202482089361702,0,9.68338574468085e-05,"Medium","Low","High","Low","Low","Low","Medium","Low",NA,"Low"
"26",26,-114.5,47.448,5106,5,25,309107.5,"4384,4385,4386,4387,4388,4744,4745,4746,4747,4748,5104,5105,5106,5107,5108,5464,5465,5466,5467,5468,5824,5825,5826,5827,5828",0,0,0,234921.7,0,74185.8,0,0,0,0,0,0,0,0,0,0,197828.8,0,0,0,0,0,0,0,0,86550.1,0,24728.6,0,0,0,0,111,39,30,42,109,2,96,11,4,1,14,96,48,0,18,2,22,21,0,0,0,105,0,103,0,0,0,0,0,0,0,0,0,0,97,0,0,0,0,0,0,0,0,105,0,60,0,0,0,0,0.208959468,95.343996,4.797385336,85.696968,2.92252626,1e-04,0.056882003612,0.032834043148,9.6540492e-05,0,0,"Medium","Low","High","Low","Low","Low","Medium","Low",NA,NA
"27",27,105.5,18.52613,13966,1,1,11201.76602,"13966",0,0,0,0,0,0,0,0,0,0,0,0,11201.76602,0,0,0,0,11201.76602,0,0,0,0,0,0,0,0,0,0,0,0,0,0,174,89,47,38,137,30,153,16,5,8,29,137,122,1,20,3,19,9,0,0,0,0,0,0,0,0,0,0,0,0,174,0,0,0,0,174,0,0,0,0,0,0,0,0,0,0,0,0,0,0,0.392244,100,23.4943,100,8.68305,0.148846,0.169038,0,0.0201859,0,5e-04,"High","High","High","Medium","Medium","Medium",NA,"Medium",NA,"Low"
"28",28,-67.5,-48.33045,35753,5,13,150506.18046,"35031,35032,35033,NA,NA,35391,35392,35393,NA,NA,35751,35752,35753,35754,NA,36111,36112,NA,NA,NA,36471,NA,NA,NA,NA",0,0,0,0,0,150506.18046,0,0,0,0,0,0,0,0,0,0,0,0,0,0,0,0,116320.17891,0,0,34186.00155,0,0,0,0,0,0,35,10,11,14,29,3,33,1,1,1,11,23,18,1,5,1,6,4,0,0,0,0,0,35,0,0,0,0,0,0,0,0,0,0,0,0,0,0,0,0,29,0,0,28,0,0,0,0,0,0,0.113578169230769,99.3358307692308,0.0488283843846154,8.67849230769231,0.0420210007692308,1e-04,1.28602276923077e-05,1.21457692307692e-05,0,0,0,"Low","Low","Low","Low","Low","Low","Low",NA,NA,NA
"29",29,-75.5,-6.81208,22785,1,1,12364.3,"22785",0,0,0,0,0,0,0,0,0,0,0,0,12364.3,0,0,0,0,12364.3,0,0,0,0,0,0,0,0,0,0,0,0,0,0,208,76,79,53,184,12,192,13,2,0,12,195,151,0,23,3,17,13,0,0,0,0,0,0,0,0,0,0,0,0,208,0,0,0,0,208,0,0,0,0,0,0,0,0,0,0,0,0,0,0,0.0409319,100,0.1835,100,0.011925,0.000180556,0.00116667,6.94444e-05,0.000875,0,0,"Low","Low","High","Low","Low","Low","Low","Low",NA,NA
"30",30,-7.5,37.91321,7733,3,6,70127.60491,"7372,7373,7374,7732,7733,7734,NA,NA,NA",0,0,0,0,0,0,0,0,0,70127.60491,0,0,0,0,0,0,0,0,0,0,0,0,0,33034.70491,12364.3,0,0,24728.6,0,0,0,0,54,36,8,10,51,3,50,3,1,1,6,47,34,0,1,0,13,6,0,0,0,0,0,0,0,0,0,54,0,0,0,0,0,0,0,0,0,0,0,0,0,51,51,0,0,52,0,0,0,0,0.491013333333333,99.5525666666667,15.9051333333333,100,6.46990666666667,0.00446759333333333,0.0748037,0.0390611166666667,0.0125212966666667,0,0.0001314814,"High","Medium","High","Medium","Low","Medium","Medium","Low",NA,"Low"
"31",31,-74.5,1.20435,19906,1,1,12364.3,"19906",0,0,0,0,0,0,0,0,0,0,0,0,12364.3,0,0,0,0,12364.3,0,0,0,0,0,0,0,0,0,0,0,0,0,0,194,82,68,44,175,9,181,12,1,0,4,190,146,0,19,3,14,12,0,0,0,0,0,0,0,0,0,0,0,0,194,0,0,0,0,194,0,0,0,0,0,0,0,0,0,0,0,0,0,0,0.0634514,99.3056,0.2075,100,0,0.000402778,0.00673611,0,0.00624306,0.000145833,0.000243056,"Low","Low","High",NA,"Low","Low",NA,"Low","Low","Low"
"32",32,-82.5,34.20122,8738,7,45,548416.40138,"7655,7656,7657,7658,7659,7660,7661,8015,8016,8017,8018,8019,8020,8021,8375,8376,8377,8378,8379,8380,8381,8735,8736,8737,8738,8739,8740,8741,9095,9096,9097,9098,9099,9100,9101,9455,9456,9457,9458,9459,NA,NA,9815,9816,9817,9818,9819,NA,NA",0,0,0,395657.6,152758.80138,0,0,0,0,0,0,0,0,0,0,17634.0033,0,0,0,123643,49457.2,0,0,258767.79808,0,0,0,0,0,98914.4,0,0,79,35,22,22,78,1,75,4,0,0,7,72,41,0,5,0,21,12,0,0,0,58,78,0,0,0,0,0,0,0,0,0,0,49,0,0,0,73,75,0,0,74,0,0,0,0,0,78,0,0,0.343005022222222,99.96944,3.85588462222222,97.2941155555555,1.52897510888889,1e-04,0.0154213792666667,0.00546879133555556,0.00850310564444444,0,0.0101768697368889,"High","Low","High","Low","Low","Low","Low","Low",NA,"Medium"
"33",33,113.5,40.49479,7134,1,1,12364.3,"7134",0,0,0,0,0,12364.3,0,0,0,0,0,0,0,0,0,0,0,0,0,0,0,0,0,0,0,12364.3,0,0,0,0,0,0,58,17,10,31,54,3,50,7,1,0,3,55,25,1,7,3,14,8,0,0,0,0,0,58,0,0,0,0,0,0,0,0,0,0,0,0,0,0,0,0,0,0,0,58,0,0,0,0,0,0,0.482413,100,35.9308,100,5.21106,1.04167e-05,0.123151,0.0322656,0.0268646,0,0.0276927,"High","High","High","Medium","Low","Medium","Medium","Medium",NA,"High"
"34",34,-115.5,37.91321,7625,9,77,948727.6148,"6181,6182,6183,6184,6185,6186,6187,6188,6189,6541,6542,6543,6544,6545,6546,6547,6548,6549,6901,6902,6903,6904,6905,6906,6907,6908,6909,7261,7262,7263,7264,7265,7266,7267,7268,7269,7621,7622,7623,7624,7625,7626,7627,7628,7629,7981,7982,7983,7984,7985,7986,7987,7988,7989,8341,8342,8343,8344,8345,8346,8347,8348,8349,NA,8702,8703,8704,8705,8706,8707,8708,8709,NA,NA,NA,9064,9065,9066,9067,9068,9069",0,0,0,778950.9,0,46133.7148,0,98914.4,0,24728.6,0,0,0,0,0,0,12364.3,0,0,0,0,0,392334.1148,0,0,494572,0,12364.3,0,0,0,37092.9,204,53,78,73,193,10,188,12,4,17,67,120,105,0,40,2,31,26,0,0,0,175,0,90,0,196,0,101,0,0,0,0,0,0,102,0,0,0,0,0,183,0,0,168,0,88,0,0,0,108,0.0692656694805195,86.5872664935065,2.10662732609091,60.808738961039,4.51527471558442,6.27705194805195e-06,0.00920382885168831,0.00583333302155844,0.000437094788051948,0,0,"Low","Low","Medium","Medium","Low","Low","Low","Low",NA,NA
"35",35,123.5,45.98897,5704,3,9,111278.7,"5343,5344,5345,5703,5704,5705,6063,6064,6065",0,0,0,0,24728.6,12364.3,0,0,74185.8,0,0,0,0,0,0,0,0,0,0,0,0,0,0,0,0,37092.9,0,74185.8,0,0,0,0,71,30,12,29,68,3,60,8,3,0,0,71,29,1,8,3,21,9,0,0,0,0,48,70,0,0,61,0,0,0,0,0,0,0,0,0,0,0,0,0,0,0,0,58,0,70,0,0,0,0,0.589996444444444,99.9485555555556,31.0762111111111,100,6.53845666666667,0.0145697466666667,0.175700666666667,0.0105865077777778,0.1255303,0,0.0259579555555556,"High","High","High","Medium","Low","Medium","Low","High",NA,"High"
"36",36,-114.5,41.82327,6546,3,9,111278.7,"6185,6186,6187,6545,6546,6547,6905,6906,6907",0,0,0,0,0,0,0,111278.7,0,0,0,0,0,0,0,0,0,0,0,0,0,0,0,0,0,98914.4,0,0,0,0,0,12364.3,102,36,30,36,102,0,89,11,2,0,18,84,49,0,15,1,16,21,0,0,0,0,0,0,0,102,0,0,0,0,0,0,0,0,0,0,0,0,0,0,0,0,0,102,0,0,0,0,0,75,0.0666028777777778,87.0915,3.21884686666667,58.6868666666667,5.63306744444444,1e-04,0.0172872700333333,0.0106112157444444,0.000715141444444444,0,0,"Low","Low","Medium","Medium","Low","Low","Low","Low",NA,NA
"37",37,56.5,44.56747,5997,7,48,581333.96743,"4914,4915,4916,4917,4918,4919,4920,5274,5275,5276,5277,5278,5279,5280,5634,5635,5636,5637,5638,5639,5640,5994,5995,5996,5997,5998,5999,6000,6354,6355,6356,6357,6358,6359,6360,NA,6715,6716,6717,6718,6719,6720,7074,7075,7076,7077,7078,7079,7080",0,0,0,0,0,544241.06743,0,12364.3,0,0,0,0,0,0,0,0,0,0,0,0,0,0,12364.3,0,0,294607.78235,0,0,0,0,0,274361.88508,97,37,22,38,90,6,83,11,3,0,12,85,54,1,7,7,20,8,0,0,0,0,0,45,0,97,0,0,0,0,0,0,0,0,0,0,0,0,0,0,39,0,0,78,0,0,0,0,0,71,0.0354353897916667,92.8428520833333,1.79853567541667,20.4691385416667,1.216891775,0.000317402020833333,0.00535662844166667,0.00436432507083333,0.000106407041666667,0,0,"Low","Low","Low","Low","Low","Low","Low","Low",NA,NA
"38",38,104.5,-3.79871,21885,7,23,247286.96601,"20802,20803,20804,NA,NA,NA,NA,21162,21163,21164,21165,NA,NA,NA,21522,21523,21524,21525,21526,21527,NA,NA,21883,21884,21885,21886,NA,NA,NA,NA,22244,22245,22246,NA,NA,NA,NA,NA,NA,22606,NA,NA,NA,NA,NA,NA,NA,22967,22968",0,0,0,0,0,0,0,0,0,0,0,0,247286.96601,0,0,13446.65924,0,184961.23438,0,0,0,0,0,0,0,0,0,0,0,48879.07239,0,0,214,98,58,58,145,52,195,12,7,27,52,135,155,1,30,3,15,10,0,0,0,0,0,0,0,0,0,0,0,0,214,0,0,163,0,214,0,0,0,0,0,0,0,0,0,0,0,148,0,0,0.443433608695652,99.0332130434783,15.714992173913,100,2.45084347826087,0.0820072143478261,0.0985084613043478,0,0.0165117809565217,0.0221253095652174,0.00206038677391304,"High","Medium","High","Low","Medium","Medium",NA,"Medium","High","Low"
"39",39,-76.5,-5.80593,22424,3,9,111278.7,"22063,22064,22065,22423,22424,22425,22783,22784,22785",0,0,0,0,0,0,0,0,0,0,0,0,111278.7,0,0,0,0,111278.7,0,0,0,0,0,0,0,0,0,0,0,0,0,0,267,82,112,73,230,19,249,15,2,12,40,214,190,2,30,3,26,15,0,0,0,0,0,0,0,0,0,0,0,0,267,0,0,0,0,267,0,0,0,0,0,0,0,0,0,0,0,0,0,0,0.0958049333333333,96.8364111111111,1.37733333333333,100,0.290945137777778,0.00184567847777778,0.00652932733333333,0.000827931744444444,0.00345061433333333,2.54629155555556e-05,0,"Low","Low","High","Low","Low","Low","Low","Low","Low",NA
"40",40,6.5,24.99018,11707,9,81,1001508.3,"10263,10264,10265,10266,10267,10268,10269,10270,10271,10623,10624,10625,10626,10627,10628,10629,10630,10631,10983,10984,10985,10986,10987,10988,10989,10990,10991,11343,11344,11345,11346,11347,11348,11349,11350,11351,11703,11704,11705,11706,11707,11708,11709,11710,11711,12063,12064,12065,12066,12067,12068,12069,12070,12071,12423,12424,12425,12426,12427,12428,12429,12430,12431,12783,12784,12785,12786,12787,12788,12789,12790,12791,13143,13144,13145,13146,13147,13148,13149,13150,13151",0,0,0,0,0,0,0,1001508.3,0,0,0,0,0,0,0,0,0,0,0,0,0,0,0,0,0,0,0,0,0,0,0,1001508.3,42,17,15,10,36,6,32,10,0,0,6,36,16,0,5,6,1,14,0,0,0,0,0,0,0,42,0,0,0,0,0,0,0,0,0,0,0,0,0,0,0,0,0,0,0,0,0,0,0,42,-6.17283950617284e-05,0,0,0,0.00691431209876543,1e-04,0,0,0,0,0,"Low",NA,NA,"Low","Low",NA,NA,NA,NA,NA
"41",41,107.5,41.82327,6768,5,25,309107.5,"6046,6047,6048,6049,6050,6406,6407,6408,6409,6410,6766,6767,6768,6769,6770,7126,7127,7128,7129,7130,7486,7487,7488,7489,7490",0,0,0,234921.7,0,0,61821.5,12364.3,0,0,0,0,0,0,0,0,0,0,0,0,0,0,0,0,0,111278.7,0,0,0,0,0,197828.8,90,28,19,43,81,7,75,11,4,1,7,82,43,1,7,7,21,11,0,0,0,54,0,0,64,82,0,0,0,0,0,0,0,0,0,0,0,0,0,0,0,0,0,80,0,0,0,0,0,81,0.0571093906,47.24697852,2.6368314112,57.763632,2.4726706508,0.000465557336,0.013128069652,0.00703299796,0.004169666584,0,0.0005540416212,"Low","Low","Medium","Low","Low","Low","Low","Low",NA,"Low"
"42",42,-71.5,4.20816,18829,9,81,1001508.3,"17385,17386,17387,17388,17389,17390,17391,17392,17393,17745,17746,17747,17748,17749,17750,17751,17752,17753,18105,18106,18107,18108,18109,18110,18111,18112,18113,18465,18466,18467,18468,18469,18470,18471,18472,18473,18825,18826,18827,18828,18829,18830,18831,18832,18833,19185,19186,19187,19188,19189,19190,19191,19192,19193,19545,19546,19547,19548,19549,19550,19551,19552,19553,19905,19906,19907,19908,19909,19910,19911,19912,19913,20265,20266,20267,20268,20269,20270,20271,20272,20273",0,0,0,0,0,0,0,0,0,0,0,74185.8,234921.7,692400.8,0,0,0,642943.6,0,0,0,0,0,0,160735.9,148371.6,0,0,0,49457.2,0,0,407,128,156,121,327,34,387,17,3,43,84,280,289,1,52,5,35,25,0,0,0,0,0,0,0,0,0,0,0,286,404,294,0,0,0,402,0,0,0,0,0,0,312,234,0,0,0,264,0,0,0.120287213580247,85.733887654321,1.9171012345679,79.320987654321,0.538622222222222,0.00367241029925926,0.00814805986814815,0.000141375139259259,0.00344830160222222,0.000927640288148148,0.000217249520740741,"Medium","Low","High","Low","Low","Low","Low","Low","Low","Low"
"43",43,32.5,21.72177,12813,5,25,309107.5,"12091,12092,12093,12094,12095,12451,12452,12453,12454,12455,12811,12812,12813,12814,12815,13171,13172,13173,13174,13175,13531,13532,13533,13534,13535",0,0,0,0,0,0,0,309107.5,0,0,0,0,0,0,0,0,0,0,0,0,0,0,0,0,0,0,0,0,0,0,0,309107.5,50,19,19,12,45,4,41,8,1,0,6,44,24,0,2,4,4,16,0,0,0,0,0,0,0,50,0,0,0,0,0,0,0,0,0,0,0,0,0,0,0,0,0,0,0,0,0,0,0,50,-2e-04,0,0.05103139332,4.1111104,0.187737016,3.571428e-06,0.0005434432,0.000253608,8.380952e-05,0,1.190476e-06,"Low","Low","Low","Low","Low","Low","Low","Low",NA,"Low"
"44",44,-9.5,8.23284,17451,7,42,511329.97334,"16368,16369,16370,16371,16372,16373,16374,16728,16729,16730,16731,16732,16733,16734,17088,17089,17090,17091,17092,17093,17094,17448,17449,17450,17451,17452,17453,17454,NA,17809,17810,17811,17812,17813,17814,NA,NA,18170,18171,18172,18173,18174,NA,NA,NA,NA,18532,18533,18534",0,0,0,0,0,0,0,0,0,0,0,284371.17231,226958.80103,0,0,7591.96999,0,146303.96062,0,0,0,0,0,233806.4981,61821.5,0,0,0,0,61806.04463,0,0,254,122,72,59,216,21,214,29,11,11,53,190,186,0,27,11,19,11,0,0,0,0,0,0,0,0,0,0,0,241,243,0,0,122,0,211,0,0,0,0,0,241,123,0,0,0,0,224,0,0,0.182729052380952,99.9826214285714,0.502706341190476,78.9682547619048,0.1986966,0.0163426847619048,0.031207125952381,0,0.00928215207142857,0.00625686047619048,9.97024723809524e-05,"Medium","Low","High","Low","Low","Low",NA,"Low","Medium","Low"
"45",45,23.5,41.82327,6684,1,1,12364.3,"6684",0,0,0,0,12364.3,0,0,0,0,0,0,0,0,0,0,0,0,0,0,0,12364.3,0,0,0,0,0,0,0,0,0,0,0,76,44,19,13,70,4,67,7,2,0,7,69,40,0,5,2,16,12,0,0,0,0,76,0,0,0,0,0,0,0,0,0,0,0,0,0,0,0,76,0,0,0,0,0,0,0,0,0,0,0,0.366527,100,11.063,100,5.0657,0.00144792,0.0498438,0.031625,0.00948958,0,0,"High","Medium","High","Medium","Low","Low","Medium","Low",NA,NA
"46",46,17.5,-24.54034,28998,3,9,111278.7,"28637,28638,28639,28997,28998,28999,29357,29358,29359",0,0,0,0,0,0,0,111278.7,0,0,0,0,0,0,0,0,0,0,0,0,0,0,111278.7,0,0,0,0,0,0,0,0,0,92,35,27,30,88,4,70,14,8,1,12,79,52,1,15,8,10,6,0,0,0,0,0,0,0,92,0,0,0,0,0,0,0,0,0,0,0,0,0,0,92,0,0,0,0,0,0,0,0,0,0.0314071362222222,49.7049173333333,0.000382716,24.0740777777778,0.0269343433333333,1e-04,0.00013863454,0,0.000131766417777778,0,0,"Low","Low","Low","Low","Low","Low",NA,"Low",NA,NA
"47",47,22.5,-21.28275,27923,1,1,12364.3,"27923",0,0,0,0,0,0,0,0,0,0,0,12364.3,0,0,0,0,0,0,0,0,0,0,0,0,12364.3,0,0,0,0,0,0,0,82,34,24,24,76,6,57,15,10,0,1,81,46,1,10,6,10,9,0,0,0,0,0,0,0,0,0,0,0,82,0,0,0,0,0,0,0,0,0,0,0,0,82,0,0,0,0,0,0,0,0.0337306,65.2778,0.02925,100,0,1e-04,7.63889e-05,0,5.55556e-05,0,0,"Low","Low","High",NA,"Low","Low",NA,"Low",NA,NA
"48",48,-67.5,-33.70876,31793,3,9,111278.7,"31432,31433,31434,31792,31793,31794,32152,32153,32154",0,0,0,0,0,98914.4,0,0,0,0,0,12364.3,0,0,0,0,0,0,0,0,0,0,111278.7,0,0,0,0,0,0,0,0,0,57,16,19,22,49,0,52,4,1,9,8,40,27,2,5,5,13,5,0,0,0,0,0,54,0,0,0,0,0,44,0,0,0,0,0,0,0,0,0,0,57,0,0,0,0,0,0,0,0,0,0.137204866666667,96.0494,0.220269791111111,91.9753111111111,2.74116622222222,1e-04,0.00139713286666667,7.54409088888889e-05,0.000849118177777778,0,0.000173721666666667,"Medium","Low","High","Low","Low","Low","Low","Low",NA,"Low"
"49",49,83.5,37.91321,7824,5,25,309107.5,"7102,7103,7104,7105,7106,7462,7463,7464,7465,7466,7822,7823,7824,7825,7826,8182,8183,8184,8185,8186,8542,8543,8544,8545,8546",0,0,0,0,185464.5,0,98914.4,24728.6,0,0,0,0,0,0,0,0,0,0,0,0,0,0,0,0,0,0,0,0,0,0,0,309107.5,56,18,12,26,50,6,41,9,6,0,5,51,22,0,5,8,13,8,0,0,0,0,26,0,41,52,0,0,0,0,0,0,0,0,0,0,0,0,0,0,0,0,0,0,0,0,0,0,0,56,0.000234476364,4.69285404,0.33504834772,49.5616088,0.306846416,0.000116375042,0.001701224228,0.0008646809008,0.0006906391064,0,4.22224e-06,"Low","Low","Medium","Low","Low","Low","Low","Low",NA,"Low"
"50",50,-63.5,57.29166,2997,5,15,181287.65042,"NA,NA,NA,NA,NA,NA,2636,NA,NA,NA,2995,2996,2997,2998,NA,3355,3356,3357,3358,3359,3715,3716,3717,3718,3719",0,170347.41833,10940.23209,0,0,0,0,0,0,0,0,0,0,0,0,0,12364.3,0,0,0,0,0,119466.15042,49457.2,0,0,0,0,0,0,0,0,36,13,11,12,35,1,29,5,2,0,1,35,16,0,4,1,7,8,0,20,36,0,0,0,0,0,0,0,0,0,0,0,0,0,35,0,0,0,0,0,34,34,0,0,0,0,0,0,0,0,0.019359014,23.3039066666667,0,0,0.000177778,1e-04,0,0,0,0,0,"Low",NA,NA,"Low","Low",NA,NA,NA,NA,NA
"51",51,61.5,68.25572,1322,3,6,70823.28998,"NA,NA,NA,1321,1322,1323,1681,1682,1683",0,24728.6,46094.68998,0,0,0,0,0,0,0,0,0,0,0,0,0,0,0,0,0,0,0,70823.28998,0,0,0,0,0,0,0,0,0,38,12,10,16,37,1,30,5,3,0,0,38,11,0,5,2,15,4,0,37,37,0,0,0,0,0,0,0,0,0,0,0,0,0,0,0,0,0,0,0,38,0,0,0,0,0,0,0,0,0,0.0308674333333333,45.1215833333333,0,0,0,1e-04,0,0,0,0,0,"Low",NA,NA,NA,"Low",NA,NA,NA,NA,NA
"52",52,46.5,8.23284,17507,9,57,682064.53502,"16063,NA,NA,NA,NA,NA,NA,NA,NA,16423,NA,NA,NA,NA,NA,NA,NA,16431,16783,16784,16785,16786,16787,16788,16789,16790,16791,17143,17144,17145,17146,17147,17148,17149,17150,17151,17503,17504,17505,17506,17507,17508,17509,17510,NA,17863,17864,17865,17866,17867,17868,17869,17870,NA,18223,18224,18225,18226,18227,18228,18229,NA,NA,18583,18584,18585,18586,18587,18588,18589,NA,NA,18943,18944,18945,18946,18947,18948,NA,NA,NA",0,0,0,0,0,0,0,116734.93037,0,0,0,552965.30465,12364.3,0,0,17397.92245,0,0,0,0,0,0,420283.80814,0,0,0,0,0,0,0,0,244382.80443,144,58,40,44,126,11,106,29,9,7,30,107,74,1,20,7,19,23,0,0,0,0,0,0,0,96,0,0,0,137,87,0,0,38,0,0,0,0,0,0,137,0,0,0,0,0,0,0,0,111,0.207149470175439,81.6349631578947,0.0188874268421053,15.6432754385965,0.117186442105263,1e-04,0.00245769816421053,0.000145711521052632,0.000359499872280702,0,0,"Medium","Low","Low","Low","Low","Low","Low","Low",NA,NA
"53",53,30.5,7.22362,17851,5,25,309107.5,"17129,17130,17131,17132,17133,17489,17490,17491,17492,17493,17849,17850,17851,17852,17853,18209,18210,18211,18212,18213,18569,18570,18571,18572,18573",0,0,0,0,0,0,0,0,173100.2,0,0,136007.3,0,0,0,0,0,0,0,0,0,0,0,24728.6,272014.6,0,12364.3,0,0,0,0,0,198,96,45,56,187,7,152,32,14,0,9,189,124,0,23,9,22,20,0,0,0,0,0,0,0,0,133,0,0,195,0,0,0,0,0,0,0,0,0,0,0,151,181,0,94,0,0,0,0,0,0.162041012,99.916672,0.11274,96,0,1e-04,0.0006691669208,1.555556e-05,0.0001852777248,0,0,"Medium","Low","High",NA,"Low","Low","Low","Low",NA,NA
"54",54,114.5,-26.75926,29815,7,26,314505.67611,"NA,NA,NA,28735,28736,28737,28738,NA,NA,NA,29095,29096,29097,29098,NA,NA,NA,29455,29456,29457,29458,NA,NA,NA,29815,29816,29817,29818,NA,NA,NA,30175,30176,30177,30178,NA,NA,NA,NA,30536,30537,30538,NA,NA,NA,NA,30896,30897,30898",0,0,0,0,0,0,0,219963.79488,0,94541.88123,0,0,0,0,0,0,0,0,0,0,0,0,278810.52158,0,0,0,0,35695.15453,0,0,0,0,60,35,12,13,55,4,57,3,0,1,18,41,49,0,0,0,3,8,0,0,0,0,0,0,0,50,0,33,0,0,0,0,0,0,0,0,0,0,0,0,57,0,0,0,0,27,0,0,0,0,0.145226611538462,85.3621423076923,1.95202965384615,100,0.00193098115384615,1e-04,0.0484499486538462,0.0427113526153846,0,0,0,"Medium","Low","High","Low","Low","Low","Medium",NA,NA,NA
"55",55,-62.5,-8.83105,23518,7,49,605850.7,"22435,22436,22437,22438,22439,22440,22441,22795,22796,22797,22798,22799,22800,22801,23155,23156,23157,23158,23159,23160,23161,23515,23516,23517,23518,23519,23520,23521,23875,23876,23877,23878,23879,23880,23881,24235,24236,24237,24238,24239,24240,24241,24595,24596,24597,24598,24599,24600,24601",0,0,0,0,0,0,0,0,0,0,0,12364.3,593486.4,0,0,0,0,531664.9,0,0,0,0,0,0,74185.8,0,0,0,0,0,0,0,264,82,110,70,225,14,245,15,1,8,28,225,170,1,49,5,23,13,0,0,0,0,0,0,0,0,0,0,0,149,262,0,0,0,0,263,0,0,0,0,0,0,182,0,0,0,0,0,0,0,0.0559824183673469,85.269787755102,0.297274540612245,72.3356,0.00651465091836735,0.000962998753877551,0.00216278619387755,0,0.00117908338897959,0,4.64089448979592e-05,"Low","Low","Medium","Low","Low","Low",NA,"Low",NA,"Low"
"56",56,-67.5,-4.80158,22073,7,49,605850.7,"20990,20991,20992,20993,20994,20995,20996,21350,21351,21352,21353,21354,21355,21356,21710,21711,21712,21713,21714,21715,21716,22070,22071,22072,22073,22074,22075,22076,22430,22431,22432,22433,22434,22435,22436,22790,22791,22792,22793,22794,22795,22796,23150,23151,23152,23153,23154,23155,23156",0,0,0,0,0,0,0,0,0,0,0,0,605850.7,0,0,0,0,605850.7,0,0,0,0,0,0,0,0,0,0,0,0,0,0,248,79,106,63,216,15,235,12,1,2,29,217,172,0,43,3,20,10,0,0,0,0,0,0,0,0,0,0,0,0,248,0,0,0,0,248,0,0,0,0,0,0,0,0,0,0,0,0,0,0,0.0345280257142857,68.7572897959184,0.0367125793877551,54.0249428571429,4.13265306122449e-05,6.62175355102041e-05,0.000199699095510204,1.13378653061224e-06,0.000125937596326531,1.41723265306122e-07,0,"Low","Low","Medium","Low","Low","Low","Low","Low","Low",NA
"57",57,39.5,24.99018,11740,3,9,107387.03658,"11379,11380,11381,11739,11740,11741,12099,12100,12101",0,0,0,0,0,0,0,107387.03658,0,0,0,0,0,0,0,0,0,0,0,0,0,0,0,0,0,0,0,0,0,0,0,107387.03658,36,14,14,8,32,3,27,9,0,0,4,32,19,0,3,4,0,10,0,0,0,0,0,0,0,36,0,0,0,0,0,0,0,0,0,0,0,0,0,0,0,0,0,0,0,0,0,0,0,36,-6.36044444444445e-05,0.889312666666667,0.404272888888889,18.5185222222222,0.200030111111111,1e-04,0.000121031733333333,9.00997555555556e-05,0,0,0,"Low","Low","Low","Low","Low","Low","Low",NA,NA,NA
"58",58,92.5,53.75572,3873,3,9,111278.7,"3512,3513,3514,3872,3873,3874,4232,4233,4234",0,0,37092.9,37092.9,0,37092.9,0,0,0,0,0,0,0,0,0,0,0,0,0,0,74185.8,0,0,0,0,12364.3,0,12364.3,0,12364.3,0,0,83,32,17,34,77,4,69,10,4,0,3,80,28,1,9,5,27,12,0,0,65,76,0,66,0,0,0,0,0,0,0,0,0,0,0,0,0,0,82,0,0,0,0,72,0,62,0,62,0,0,0.161355044444444,99.1165222222222,1.02744706666667,65.1709222222222,0.282446664444444,0.00237830633333333,0.0456480733333333,0.0290082811111111,0.000647033788888889,0,0.000389816422222222,"Medium","Low","Medium","Low","Low","Low","Medium","Low",NA,"Low"
"59",59,5.5,20.64921,13146,5,25,309107.5,"12424,12425,12426,12427,12428,12784,12785,12786,12787,12788,13144,13145,13146,13147,13148,13504,13505,13506,13507,13508,13864,13865,13866,13867,13868",0,0,0,0,0,0,0,296743.2,0,0,0,12364.3,0,0,0,0,0,0,0,0,0,0,0,0,0,0,0,0,0,0,0,309107.5,45,17,16,12,40,5,37,8,0,0,5,40,18,0,8,5,1,13,0,0,0,0,0,0,0,42,0,0,0,30,0,0,0,0,0,0,0,0,0,0,0,0,0,0,0,0,0,0,0,45,-8e-05,0.3333332,0,0,0.0020104776,1e-04,0,0,0,0,0,"Low",NA,NA,"Low","Low",NA,NA,NA,NA,NA
"60",60,-94.5,16.4291,14486,3,6,72679.38392,"14125,14126,14127,14485,14486,14487,NA,NA,NA",0,0,0,0,0,0,0,0,0,0,0,0,35586.48392,37092.9,0,10910.04581,0,0,0,0,0,0,0,24676.43811,0,0,0,0,0,37092.9,0,0,201,89,68,44,182,16,192,8,1,16,47,138,143,0,13,4,28,13,0,0,0,0,0,0,0,0,0,0,0,0,186,187,0,151,0,0,0,0,0,0,0,184,0,0,0,0,0,186,0,0,0.402834166666667,99.5608833333333,9.48598666666667,100,0.863646666666667,0.000439547833333333,0.0789517666666667,8.01281666666667e-05,0.0730893166666667,0.000384169643333333,0.000369658333333333,"High","Medium","High","Low","Low","Medium","Low","High","Low","Low"
"61",61,33.5,30.64625,9934,3,6,65427.91516,"NA,NA,NA,9933,9934,9935,10293,10294,10295",0,0,0,0,0,0,0,55540.72539,9887.18977,0,0,0,0,0,0,0,0,0,0,0,0,0,0,0,0,0,0,0,0,0,0,65427.91516,76,37,23,16,65,7,65,9,2,5,10,61,42,0,2,5,7,19,0,0,0,0,0,0,0,71,48,0,0,0,0,0,0,0,0,0,0,0,0,0,0,0,0,0,0,0,0,0,0,76,-0.001,3.948132,1.91184722216667,14.5370433333333,2.47915433333333,0.00130456333333333,0.00682836989666667,0.00246726189666667,0.00265178413333333,0,1.38888833333333e-05,NA,"Low","Low","Low","Low","Low","Low","Low",NA,"Low"
"62",62,-68.5,-27.88493,29992,9,61,741998.93371,"NA,NA,NA,28551,28552,28553,28554,28555,28556,NA,NA,NA,28911,28912,28913,28914,28915,28916,NA,NA,NA,29271,29272,29273,29274,29275,29276,NA,NA,29630,29631,29632,29633,29634,29635,29636,NA,NA,29990,29991,29992,29993,29994,29995,29996,NA,NA,30350,30351,30352,30353,30354,30355,30356,NA,NA,30710,30711,30712,30713,30714,30715,30716,NA,31069,31070,31071,31072,31073,31074,31075,31076,NA,NA,31430,31431,31432,31433,31434,31435,31436",0,0,0,0,0,24728.6,86691.03371,272014.6,0,98914.4,0,74185.8,160735.9,24728.6,0,0,0,0,0,111278.7,0,0,340024.81853,0,0,24728.6,0,12364.3,0,0,0,253602.51518,210,59,65,86,155,17,195,12,2,51,53,105,99,4,20,24,44,18,0,0,0,0,0,86,150,14,0,40,0,94,106,137,0,0,0,0,0,156,0,0,171,0,0,58,0,48,0,0,0,83,0.127169693442623,80.1635109836066,0.84728815652459,84.7814213114754,1.21894361922951,1e-04,0.00803702731573771,0.00369464828622951,0.00345147208327869,0,0.00952356780622951,"Medium","Low","High","Low","Low","Low","Low","Low",NA,"Medium"
"63",63,52.5,44.56747,5993,7,32,372585.4942,"4910,4911,4912,4913,4914,4915,4916,5270,5271,5272,5273,5274,5275,5276,NA,NA,NA,NA,5634,5635,5636,NA,NA,5992,5993,5994,5995,5996,NA,NA,NA,6353,6354,6355,6356,NA,NA,NA,NA,NA,6715,6716,7070,NA,NA,NA,7074,7075,7076",0,0,0,0,0,0,0,372585.4942,0,0,0,0,0,0,0,7387.99124,0,0,0,0,0,0,0,0,0,231104.54434,0,0,0,0,0,134092.95862,116,51,30,35,109,6,98,15,3,0,15,101,68,1,8,7,19,13,0,0,0,0,0,0,0,116,0,0,0,0,0,0,0,57,0,0,0,0,0,0,0,0,0,69,0,0,0,0,0,63,0.05734606125,94.3900625,0.0213334115625,26.33885,0.156991028125,1.790365625e-06,0.002198631403125,0.001528574415625,2.864584375e-05,0,0,"Low","Low","Low","Low","Low","Low","Low","Low",NA,NA
"64",64,114.5,52.09608,4255,9,81,1001508.3,"2811,2812,2813,2814,2815,2816,2817,2818,2819,3171,3172,3173,3174,3175,3176,3177,3178,3179,3531,3532,3533,3534,3535,3536,3537,3538,3539,3891,3892,3893,3894,3895,3896,3897,3898,3899,4251,4252,4253,4254,4255,4256,4257,4258,4259,4611,4612,4613,4614,4615,4616,4617,4618,4619,4971,4972,4973,4974,4975,4976,4977,4978,4979,5331,5332,5333,5334,5335,5336,5337,5338,5339,5691,5692,5693,5694,5695,5696,5697,5698,5699",0,531664.9,12364.3,0,0,420386.2,0,37092.9,0,0,0,0,0,0,0,0,0,0,148371.6,0,185464.5,0,185464.5,12364.3,0,457479.1,0,0,0,12364.3,0,0,111,37,21,53,104,5,95,12,4,1,1,109,42,0,16,6,36,10,0,50,83,0,0,96,0,46,0,0,0,0,0,0,0,0,0,0,65,0,81,0,64,41,0,106,0,0,0,57,0,0,0.0811688493827161,83.9678580246914,0.189322620123457,42.5055395061728,0.0538474059814815,1e-04,0.00637912405308642,0.00390460908518519,8.78937896296296e-05,0,4.81553579012346e-05,"Low","Low","Medium","Low","Low","Low","Low","Low",NA,"Low"
"65",65,-70.5,45.98897,5510,5,23,266096.60811,"4788,4789,4790,4791,4792,5148,5149,5150,5151,5152,5508,5509,5510,5511,5512,5868,5869,5870,5871,5872,6228,6229,6230,NA,NA",0,0,57324.30785,0,208772.30026,0,0,0,0,0,0,0,0,0,0,7577.77036,0,0,0,12364.3,233790.23775,0,0,0,0,0,0,0,0,12364.3,0,0,62,28,16,18,60,2,55,6,1,1,1,60,26,0,5,0,18,13,0,0,46,0,61,0,0,0,0,0,0,0,0,0,0,52,0,0,0,53,62,0,0,0,0,0,0,0,0,53,0,0,0.174272869565217,97.3132,1.97429874347826,91.1725913043478,0.0792698713043478,1e-04,0.0128904198826087,0.000648621652173913,0.0065067868226087,0,0.00204067245652174,"Medium","Low","High","Low","Low","Low","Low","Low",NA,"Low"
"66",66,3.5,15.38921,14944,9,81,1001508.3,"13500,13501,13502,13503,13504,13505,13506,13507,13508,13860,13861,13862,13863,13864,13865,13866,13867,13868,14220,14221,14222,14223,14224,14225,14226,14227,14228,14580,14581,14582,14583,14584,14585,14586,14587,14588,14940,14941,14942,14943,14944,14945,14946,14947,14948,15300,15301,15302,15303,15304,15305,15306,15307,15308,15660,15661,15662,15663,15664,15665,15666,15667,15668,16020,16021,16022,16023,16024,16025,16026,16027,16028,16380,16381,16382,16383,16384,16385,16386,16387,16388",0,0,0,0,0,0,0,234921.7,0,0,0,766586.6,0,0,0,0,0,0,0,0,0,0,0,0,24728.6,136007.3,0,37092.9,0,272014.6,0,531664.9,163,78,47,37,148,9,127,27,9,1,14,148,102,0,11,14,14,22,0,0,0,0,0,0,0,43,0,0,0,160,0,0,0,0,0,0,0,0,0,0,0,0,116,106,0,100,0,149,0,89,0.23988865654321,61.8899111111111,0.26590968045679,61.9855987654321,0.143529567160494,0.00233655137160494,0.0981006741444444,4.76680185185185e-05,0.00460990438716049,2.35768148148148e-05,0.000118141354814815,"Medium","Low","Medium","Low","Low","Medium","Low","Low","Low","Low"
"67",67,139.5,-6.81208,23000,5,17,201517.32185,"22278,22279,22280,22281,22282,NA,22639,22640,22641,22642,NA,NA,23000,23001,23002,NA,23359,23360,23361,23362,NA,NA,NA,NA,23722",0,0,0,0,0,0,0,0,0,0,0,12330.49137,189186.83048,0,0,0,0,193439.95649,0,0,0,0,0,0,0,0,8077.36536,0,0,0,0,0,167,66,31,69,138,15,165,1,0,23,99,44,134,1,3,6,11,11,0,0,0,0,0,0,0,0,0,0,0,63,156,0,0,0,0,167,0,0,0,0,0,0,0,0,33,0,0,0,0,0,0.06426703,98.7580352941176,1.58349276470588,100,0.00443382352941176,0.00013461542,0.000150201041176471,0,0,0.00146100487647059,0,"Low","Low","High","Low","Low","Low",NA,NA,"Low",NA
"68",68,54.5,63.36129,2035,5,24,276531.81973,"1313,1314,NA,1316,1317,1673,1674,1675,1676,1677,2033,2034,2035,2036,2037,2393,2394,2395,2396,2397,2753,2754,2755,2756,2757",0,247286,29245.81973,0,0,0,0,0,0,0,0,0,0,0,0,0,61821.5,0,0,0,123643,0,29245.81973,61821.5,0,0,0,0,0,0,0,0,54,24,15,15,52,2,45,6,3,0,0,54,18,1,6,2,19,7,0,26,53,0,0,0,0,0,0,0,0,0,0,0,0,0,41,0,0,0,49,0,26,37,0,0,0,0,0,0,0,0,0.0466044458333333,76.0417125,0.168769616666667,39.1666666666667,0.0169508416666667,1e-04,0.00375103,0.00171811575,7.14492458333333e-05,0,3.71497975e-05,"Low","Low","Medium","Low","Low","Low","Low","Low",NA,"Low"
"69",69,-117.5,45.98897,5463,3,9,111278.7,"5102,5103,5104,5462,5463,5464,5822,5823,5824",0,0,0,12364.3,0,49457.2,0,49457.2,0,0,0,0,0,0,0,0,37092.9,0,0,0,0,0,0,0,0,61821.5,0,12364.3,0,0,0,0,100,36,24,40,99,1,85,12,3,2,13,85,43,0,17,2,20,18,0,0,0,96,0,88,0,74,0,0,0,0,0,0,0,0,92,0,0,0,0,0,0,0,0,95,0,76,0,0,0,0,0.232362522222222,97.3070222222222,11.1592027777778,96.4646444444444,5.33254166666667,1e-04,0.108521045555556,0.0884773733333333,0.00104678031111111,0,0,"Medium","Medium","High","Medium","Low","Medium","Medium","Low",NA,NA
"70",70,-118.5,53.75572,3662,7,49,605850.7,"2579,2580,2581,2582,2583,2584,2585,2939,2940,2941,2942,2943,2944,2945,3299,3300,3301,3302,3303,3304,3305,3659,3660,3661,3662,3663,3664,3665,4019,4020,4021,4022,4023,4024,4025,4379,4380,4381,4382,4383,4384,4385,4739,4740,4741,4742,4743,4744,4745",0,0,111278.7,420386.2,0,74185.8,0,0,0,0,0,0,0,0,0,0,469843.4,0,0,0,111278.7,0,0,0,0,12364.3,0,12364.3,0,0,0,0,105,39,26,40,105,0,90,11,4,0,19,86,39,0,16,2,31,17,0,0,56,103,0,57,0,0,0,0,0,0,0,0,0,0,105,0,0,0,58,0,0,0,0,63,0,49,0,0,0,0,0.0950698408163265,74.3451326530612,1.59805040346939,54.6811673469388,0.173312241897959,1e-04,0.0121979153495918,0.0071665686,5.11695775510204e-06,0,0,"Low","Low","Medium","Low","Low","Low","Low","Low",NA,NA
"71",71,-86.5,71.15352,814,5,20,178192.739,"92,93,94,95,96,NA,453,454,NA,NA,812,813,814,815,816,1172,NA,NA,1175,1176,1532,1533,1534,1535,1536",0,178192.739,0,0,0,0,0,0,0,0,0,0,0,0,0,6829.73021,0,0,0,0,0,0,0,0,0,95767.92341,0,0,0,0,75595.08538,0,16,6,5,5,15,1,11,3,2,0,0,16,6,0,3,2,3,2,0,16,0,0,0,0,0,0,0,0,0,0,0,0,0,15,0,0,0,0,0,0,0,0,0,15,0,0,0,0,10,0,0.0004572082,8.398635,0,0,0,1e-04,0,0,0,0,0,"Low",NA,NA,NA,"Low",NA,NA,NA,NA,NA
"72",72,60.5,40.49479,7081,1,1,12364.3,"7081",0,0,0,0,0,0,0,12364.3,0,0,0,0,0,0,0,0,0,0,0,0,0,0,0,0,0,0,0,0,0,0,0,12364.3,40,20,9,11,38,2,35,5,0,0,2,38,23,0,4,2,5,6,0,0,0,0,0,0,0,40,0,0,0,0,0,0,0,0,0,0,0,0,0,0,0,0,0,0,0,0,0,0,0,40,0.0211604,100,0.0014,20,0,1e-04,1.04167e-05,1.04167e-05,0,0,0,"Low","Low","Low",NA,"Low","Low","Low",NA,NA,NA
"73",73,30.5,39.19213,7411,9,40,442493.24642,"5967,5968,5969,NA,NA,NA,NA,NA,5975,6327,6328,NA,NA,NA,NA,NA,NA,NA,6687,6688,NA,NA,NA,NA,NA,NA,NA,7047,7048,7049,7050,7051,7052,7053,7054,7055,NA,7408,7409,7410,7411,7412,7413,7414,7415,NA,7768,7769,7770,7771,7772,7773,7774,7775,NA,NA,8129,8130,8131,8132,8133,8134,8135,NA,NA,NA,NA,NA,NA,NA,NA,NA,NA,NA,NA,NA,NA,NA,NA,NA,NA",0,0,0,197525.03748,160927.67545,48127.07179,0,0,0,35913.4617,0,0,0,0,0,43484.08395,0,0,0,0,0,0,0,32773.89546,0,207228.56588,0,159006.70113,0,0,0,0,124,61,32,31,110,8,108,14,2,8,12,104,63,1,8,2,29,19,0,0,0,67,117,100,0,0,0,101,0,0,0,0,0,106,0,0,0,0,0,0,0,66,0,85,0,111,0,0,0,0,0.493534925,99.2135525,15.66601775,100,6.70921085,0.0008400359315,0.1987497175,0.1212114875,0.0213238504225,0,0.001097746525,"High","Medium","High","Medium","Low","Medium","High","Medium",NA,"Low"
"74",74,38.5,7.22362,17859,7,49,605850.7,"16776,16777,16778,16779,16780,16781,16782,17136,17137,17138,17139,17140,17141,17142,17496,17497,17498,17499,17500,17501,17502,17856,17857,17858,17859,17860,17861,17862,18216,18217,18218,18219,18220,18221,18222,18576,18577,18578,18579,18580,18581,18582,18936,18937,18938,18939,18940,18941,18942",0,0,0,0,0,0,12364.3,160735.9,0,0,0,247286,185464.5,0,0,0,0,49457.2,0,0,0,37092.9,86550.1,136007.3,24728.6,136007.3,0,61821.5,0,74185.8,0,0,258,116,66,75,217,27,205,35,18,32,42,184,161,1,27,12,32,25,0,0,0,0,0,0,204,133,0,0,0,243,228,0,0,0,0,184,0,0,0,91,193,212,115,223,0,164,0,189,0,0,0.319210067346939,99.3010816326531,0.561397959183673,94.8979591836735,0.313458530612245,8.50338775510204e-07,0.0508361956122449,0.00987647097020408,0.0092759157755102,0,1.22100163265306e-06,"Medium","Low","High","Low",NA,"Low","Low","Low",NA,"Low"
"75",75,-108.5,57.29166,2952,7,49,605850.7,"1869,1870,1871,1872,1873,1874,1875,2229,2230,2231,2232,2233,2234,2235,2589,2590,2591,2592,2593,2594,2595,2949,2950,2951,2952,2953,2954,2955,3309,3310,3311,3312,3313,3314,3315,3669,3670,3671,3672,3673,3674,3675,4029,4030,4031,4032,4033,4034,4035",0,0,469843.4,0,0,136007.3,0,0,0,0,0,0,0,0,0,0,296743.2,0,0,0,24728.6,0,136007.3,24728.6,0,0,0,123643,0,0,0,0,77,30,19,28,76,1,62,10,5,0,2,75,30,0,10,2,21,14,0,0,69,0,0,63,0,0,0,0,0,0,0,0,0,0,61,0,0,0,54,0,43,39,0,0,0,63,0,0,0,0,0.155173778367347,46.1626551020408,7.03472407816326,49.5339179591837,0.0555667477346939,1e-04,0.061344250577551,0.0382798636673469,0,0,0,"Medium","Medium","Medium","Low","Low","Low","Medium",NA,NA,NA
"76",76,-95.5,65.69124,1525,1,1,11983.5182,"1525",0,11983.5182,0,0,0,0,0,0,0,0,0,0,0,0,0,0,0,0,0,0,0,0,0,0,0,11983.5182,0,0,0,0,0,0,16,6,5,5,16,0,11,3,2,0,0,16,6,0,3,2,3,2,0,16,0,0,0,0,0,0,0,0,0,0,0,0,0,0,0,0,0,0,0,0,0,0,0,16,0,0,0,0,0,0,0.000996677,18.7311,0,0,0,1e-04,0,0,0,0,0,"Low",NA,NA,NA,"Low",NA,NA,NA,NA,NA
"77",77,28.5,-8.83105,23609,3,9,111278.7,"23248,23249,23250,23608,23609,23610,23968,23969,23970",0,0,0,0,0,0,0,0,0,0,0,111278.7,0,0,0,0,0,0,0,0,0,0,0,111278.7,0,0,0,0,0,0,0,0,179,82,43,54,169,6,143,24,12,1,3,175,119,1,20,7,20,12,0,0,0,0,0,0,0,0,0,0,0,179,0,0,0,0,0,0,0,0,0,0,0,179,0,0,0,0,0,0,0,0,0.131129744444444,100,0.0141461577777778,97.5308666666667,0.0214555555555556,3.08642e-05,0.00485256444444444,0,0.00371248888888889,0.00167717246666667,0,"Medium","Low","High","Low","Low","Low",NA,"Low","Low",NA
"78",78,-103.5,29.49063,10157,9,81,1001037.43904,"8713,8714,8715,8716,8717,8718,8719,8720,8721,9073,9074,9075,9076,9077,9078,9079,9080,9081,9433,9434,9435,9436,9437,9438,9439,9440,9441,9793,9794,9795,9796,9797,9798,9799,9800,9801,10153,10154,10155,10156,10157,10158,10159,10160,10161,10513,10514,10515,10516,10517,10518,10519,10520,10521,10873,10874,10875,10876,10877,10878,10879,10880,10881,11233,11234,11235,11236,11237,11238,11239,11240,11241,11593,11594,11595,11596,11597,11598,11599,11600,11601",0,0,0,630579.3,0,12364.3,0,222557.4,0,0,123643,0,0,11893.43904,0,0,0,0,0,0,0,0,630579.3,61350.63904,0,309107.5,0,0,0,0,0,0,225,78,78,69,212,9,211,12,2,19,54,152,145,0,26,2,31,21,0,0,0,86,0,108,0,189,0,0,169,0,0,93,0,0,0,0,0,0,0,0,194,129,0,171,0,0,0,0,0,0,0.162266224691358,94.2952716049383,3.83867768185185,90.521262962963,3.0199215237037,3.32383950617284e-06,0.0183418144365432,0.00893292533555556,0.00392630272098765,0,0.000190350249382716,"Medium","Low","High","Low","Low","Low","Low","Low",NA,"Low"
"79",79,91.5,34.20122,8912,1,1,12364.3,"8912",0,0,0,0,0,0,12364.3,0,0,0,0,0,0,0,0,0,0,0,0,0,0,0,0,0,0,12364.3,0,0,0,0,0,0,20,5,4,11,17,3,10,6,4,0,1,19,3,0,2,4,7,4,0,0,0,0,0,0,20,0,0,0,0,0,0,0,0,0,0,0,0,0,0,0,0,0,0,20,0,0,0,0,0,0,0.0235619,30.9524,0.01425,100,0,1e-04,1.19048e-05,1.19048e-05,0,0,0,"Low","Low","High",NA,"Low","Low","Low",NA,NA,NA
"80",80,17.5,63.36129,1998,3,7,83342.03639,"1637,1638,1639,1997,1998,1999,2357,NA,NA",0,0,83342.03639,0,0,0,0,0,0,0,0,0,0,0,0,0,46249.13639,0,0,0,0,0,0,37092.9,0,0,0,0,0,0,0,0,45,24,9,12,45,0,36,6,3,0,0,45,20,0,3,1,13,7,0,0,45,0,0,0,0,0,0,0,0,0,0,0,0,0,42,0,0,0,0,0,0,31,0,0,0,0,0,0,0,0,0.176679571428571,96.9233285714286,0.434615714285714,14.3907571428571,0.0293015597142857,1e-04,0.000910158571428571,5.95238571428571e-05,0,0,0,"Medium","Low","Low","Low","Low","Low","Low",NA,NA,NA
"81",81,-100.5,63.36129,1880,3,9,111278.7,"1519,1520,1521,1879,1880,1881,2239,2240,2241",0,37092.9,74185.8,0,0,0,0,0,0,0,0,0,0,0,0,0,0,0,0,0,0,0,98914.4,0,0,12364.3,0,0,0,0,0,0,35,12,9,14,35,0,27,6,2,0,1,34,11,0,4,2,10,8,0,24,33,0,0,0,0,0,0,0,0,0,0,0,0,0,0,0,0,0,0,0,35,0,0,17,0,0,0,0,0,0,0.00491816,7.65545333333333,0,0,0,1e-04,0,0,0,0,0,"Low",NA,NA,NA,"Low",NA,NA,NA,NA,NA
"82",82,2.5,12.29894,16023,5,25,309107.5,"15301,15302,15303,15304,15305,15661,15662,15663,15664,15665,16021,16022,16023,16024,16025,16381,16382,16383,16384,16385,16741,16742,16743,16744,16745",0,0,0,0,0,0,0,0,0,0,0,309107.5,0,0,0,0,0,0,0,0,0,0,0,0,61821.5,37092.9,0,0,0,173100.2,0,37092.9,160,83,40,36,146,6,127,24,9,1,12,147,107,0,10,11,14,18,0,0,0,0,0,0,0,0,0,0,0,160,0,0,0,0,0,0,0,0,0,0,0,0,130,96,0,0,0,154,0,70,0.3565922,100,0.46103082,100,0.135307456,0.00264346128,0.140002604,6.666648e-06,0.00655494164,0.00016254272,9.80985776e-05,"High","Low","High","Low","Low","Medium","Low","Low","Low","Low"
"83",83,3.5,44.56747,5944,5,20,240715.14732,"5222,5223,5224,5225,5226,5582,5583,5584,5585,5586,5942,5943,5944,5945,5946,6302,6303,6304,NA,NA,6662,6663,NA,NA,NA",0,0,0,0,67614.94732,0,0,0,0,173100.2,0,0,0,0,0,6956.46429,0,0,0,0,60658.48303,0,0,0,0,0,0,86550.1,0,86550.1,0,0,88,52,15,21,82,4,77,9,2,2,10,76,49,0,3,4,21,10,0,0,0,0,87,0,0,0,0,85,0,0,0,0,0,63,0,0,0,0,84,0,0,0,0,0,0,84,0,81,0,0,0.3991228,99.85754,38.4479635,99.045455,4.9154408,0.0007677077,0.117013745,0.0618036315,0.02109134005,0,0.002093642725,"High","High","High","Medium","Low","Medium","Medium","Medium",NA,"Low"
"84",84,8.5,29.49063,10269,1,1,12364.3,"10269",0,0,0,0,0,0,0,12364.3,0,0,0,0,0,0,0,0,0,0,0,0,0,0,0,0,0,0,0,0,0,0,0,12364.3,14,2,8,4,12,2,10,4,0,0,0,14,7,0,0,2,0,5,0,0,0,0,0,0,0,14,0,0,0,0,0,0,0,0,0,0,0,0,0,0,0,0,0,0,0,0,0,0,0,14,0,0,0,0,0,1e-04,0,0,0,0,0,"Low",NA,NA,NA,"Low",NA,NA,NA,NA,NA
"85",85,-132.5,63.36129,1848,5,25,303949.79988,"1126,1127,1128,1129,1130,1486,1487,1488,1489,1490,1846,1847,1848,1849,1850,2206,2207,2208,2209,2210,2566,2567,2568,2569,2570",0,242128.29988,61821.5,0,0,0,0,0,0,0,0,0,0,0,0,0,12364.3,0,0,0,0,0,143839.11809,135959.48494,0,0,0,0,0,0,11786.89685,0,64,21,14,29,62,2,48,12,4,0,3,61,20,0,7,5,20,12,0,46,64,0,0,0,0,0,0,0,0,0,0,0,0,0,51,0,0,0,0,0,60,57,0,0,0,0,0,0,48,0,0.0232258588,33.9475296,0,0,1.91142e-05,1e-04,0,0,0,0,0,"Low",NA,NA,"Low","Low",NA,NA,NA,NA,NA
"86",86,-70.5,-7.82034,23150,3,9,111278.7,"22789,22790,22791,23149,23150,23151,23509,23510,23511",0,0,0,0,0,0,0,0,0,0,0,0,111278.7,0,0,0,0,111278.7,0,0,0,0,0,0,0,0,0,0,0,0,0,0,212,73,86,53,188,11,198,12,1,0,17,194,154,0,27,3,17,10,0,0,0,0,0,0,0,0,0,0,0,0,212,0,0,0,0,212,0,0,0,0,0,0,0,0,0,0,0,0,0,0,0.00778236111111111,19.2485833333333,0.0619953444444444,75.6944444444444,8.33333333333333e-06,0.000354107455555556,0.000904083777777778,0,0.000541013877777778,0,0,"Low","Low","Medium","Low","Low","Low",NA,"Low",NA,NA
"87",87,31.5,30.64625,9932,7,27,306291.91706,"NA,NA,NA,NA,NA,NA,NA,NA,NA,NA,NA,NA,NA,NA,NA,NA,NA,NA,NA,NA,NA,9929,9930,9931,9932,9933,9934,9935,10289,10290,10291,10292,10293,10294,10295,10649,10650,10651,10652,10653,10654,10655,11009,11010,11011,11012,11013,11014,NA",0,0,0,0,0,0,0,284137.40977,22154.50729,0,0,0,0,0,0,0,0,0,0,0,0,0,0,0,0,0,0,24087.58832,0,0,0,282204.32874,90,42,29,19,75,10,77,11,2,8,12,70,47,0,4,6,9,23,0,0,0,0,0,0,0,90,59,0,0,0,0,0,0,0,0,0,0,0,0,0,0,0,0,0,0,58,0,0,0,90,0.00144664481481481,2.82652096296296,14.5899910123333,23.1069896296296,8.05799447925926,0.015162029962963,0.0654944713844444,0.0245270457548148,0.0215767277333333,0,0.0002089949,"Low","Medium","Low","Medium","Low","Low","Medium","Medium",NA,"Low"
"88",88,-40.5,65.69124,1580,7,33,379354.90275,"497,498,499,500,501,502,503,857,858,859,860,861,862,863,1217,1218,1219,1220,1221,1222,1223,1577,1578,1579,1580,1581,1582,1583,1937,1938,1939,NA,NA,NA,NA,2297,2298,NA,NA,NA,NA,NA,NA,NA,NA,NA,NA,NA,NA",0,31968.11263,0,0,0,0,0,0,0,0,0,0,0,0,0,27929.1293,0,0,0,0,0,0,0,0,0,0,0,0,0,0,351425.77345,0,5,3,2,0,4,1,3,1,1,0,0,5,2,0,1,1,0,1,0,4,0,0,0,0,0,0,0,0,0,0,0,0,0,4,0,0,0,0,0,0,0,0,0,0,0,0,0,0,5,0,NA,NA,NA,NA,0,1e-04,0,0,0,0,0,NA,NA,NA,NA,"Low",NA,NA,NA,NA,NA
"89",89,-81.5,37.91321,7659,3,9,111278.7,"7298,7299,7300,7658,7659,7660,8018,8019,8020",0,0,0,0,111278.7,0,0,0,0,0,0,0,0,0,0,0,0,0,0,98914.4,0,0,0,0,0,0,0,0,0,12364.3,0,0,68,30,20,18,67,1,64,4,0,0,3,65,34,0,6,0,18,10,0,0,0,0,68,0,0,0,0,0,0,0,0,0,0,0,0,0,0,68,0,0,0,0,0,0,0,0,0,62,0,0,0.219011888888889,100,1.32520293333333,80.9090888888889,0.127043922222222,1e-04,0.00996357355555555,0.00185801983333333,0.00770185555555556,0,0.00696790480222222,"Medium","Low","High","Low","Low","Low","Low","Low",NA,"Medium"
"90",90,63.5,30.64625,9964,3,9,111278.7,"9603,9604,9605,9963,9964,9965,10323,10324,10325",0,0,0,0,0,0,0,111278.7,0,0,0,0,0,0,0,0,0,0,0,0,0,0,0,0,0,0,0,0,0,0,0,111278.7,54,21,20,13,50,4,43,11,0,0,6,48,29,0,3,6,5,11,0,0,0,0,0,0,0,54,0,0,0,0,0,0,0,0,0,0,0,0,0,0,0,0,0,0,0,0,0,0,0,54,0.00348112666666667,17.3766528888889,0.0114506144444444,32.8395,2.57956566666667,0.000234788333333333,0.00431481077777778,0.00364748877777778,0.000167989911111111,0,0,"Low","Low","Medium","Low","Low","Low","Low","Low",NA,NA
"91",91,39.5,5.2116,18580,5,25,309107.5,"17858,17859,17860,17861,17862,18218,18219,18220,18221,18222,18578,18579,18580,18581,18582,18938,18939,18940,18941,18942,19298,19299,19300,19301,19302",0,0,0,0,0,0,24728.6,37092.9,0,0,0,197828.8,49457.2,0,0,0,0,24728.6,0,0,0,37092.9,111278.7,37092.9,0,61821.5,0,12364.3,0,24728.6,0,0,214,92,59,62,183,20,169,30,15,26,30,158,131,1,23,8,30,21,0,0,0,0,0,0,155,112,0,0,0,195,180,0,0,0,0,150,0,0,0,91,155,165,0,168,0,125,0,149,0,0,0.266015884,97.72222,0.64471,95,0.2308072,2.7777776e-06,0.04642084768,0.010158054788,0.01229611736,0,0,"Medium","Low","High","Low","Low","Low","Low","Low",NA,NA
"92",92,7.5,16.4291,14588,9,81,1001508.3,"13144,13145,13146,13147,13148,13149,13150,13151,13152,13504,13505,13506,13507,13508,13509,13510,13511,13512,13864,13865,13866,13867,13868,13869,13870,13871,13872,14224,14225,14226,14227,14228,14229,14230,14231,14232,14584,14585,14586,14587,14588,14589,14590,14591,14592,14944,14945,14946,14947,14948,14949,14950,14951,14952,15304,15305,15306,15307,15308,15309,15310,15311,15312,15664,15665,15666,15667,15668,15669,15670,15671,15672,16024,16025,16026,16027,16028,16029,16030,16031,16032",0,0,0,0,0,0,0,395657.6,0,0,0,605850.7,0,0,0,0,0,0,0,0,0,0,0,0,0,98914.4,0,37092.9,0,222557.4,0,642943.6,130,56,39,35,118,9,94,27,9,1,7,122,79,0,10,10,11,20,0,0,0,0,0,0,0,54,0,0,0,127,0,0,0,0,0,0,0,0,0,0,0,0,0,97,0,80,0,117,0,81,0.186307259012346,48.1356196296296,0.257331012679012,44.2301111111111,0.17771281037037,0.00315576642592593,0.112155332565432,0.000227412395061728,0.00543595604074074,1.37174074074074e-06,0.000167352516049383,"Medium","Low","Medium","Low","Low","Medium","Low","Low","Low","Low"
"93",93,138.5,-23.44568,28759,7,49,605850.7,"27676,27677,27678,27679,27680,27681,27682,28036,28037,28038,28039,28040,28041,28042,28396,28397,28398,28399,28400,28401,28402,28756,28757,28758,28759,28760,28761,28762,29116,29117,29118,29119,29120,29121,29122,29476,29477,29478,29479,29480,29481,29482,29836,29837,29838,29839,29840,29841,29842",0,0,0,0,0,0,0,420386.2,0,0,0,185464.5,0,0,0,0,0,0,0,0,0,0,581122.1,0,0,12364.3,0,0,0,0,0,12364.3,60,38,8,14,52,7,57,3,0,2,10,48,48,0,0,0,4,8,0,0,0,0,0,0,0,49,0,0,0,47,0,0,0,0,0,0,0,0,0,0,58,0,0,28,0,0,0,0,0,20,0.0246537402244898,33.8727748979592,0.0939569451020408,61.5646244897959,0,1e-04,0,0,0,0,0,"Low","Low","Medium",NA,"Low",NA,NA,NA,NA,NA
"94",94,19.5,-6.81208,22880,3,9,111278.7,"22519,22520,22521,22879,22880,22881,23239,23240,23241",0,0,0,0,0,0,0,0,0,0,0,111278.7,0,0,0,0,0,0,0,0,0,0,0,111278.7,0,0,0,0,0,0,0,0,152,66,46,39,142,2,129,19,4,1,10,141,105,0,17,7,16,7,0,0,0,0,0,0,0,0,0,0,0,152,0,0,0,0,0,0,0,0,0,0,0,152,0,0,0,0,0,0,0,0,0.0807822555555556,100,0.00995062222222222,94.4444444444444,0,0.00214316264444444,0.0267220455555556,0,0.0213106611111111,0.00146349777777778,0.000760030888888889,"Low","Low","High",NA,"Low","Low",NA,"Medium","Low","Low"
"95",95,113.5,22.80239,12534,5,17,194959.89603,"11812,11813,11814,11815,11816,12172,12173,12174,12175,12176,12532,12533,12534,12535,12536,12892,12893,NA,NA,NA,NA,NA,NA,NA,NA",0,0,0,0,0,0,0,0,0,0,0,0,194959.89603,0,0,25579.6116,0,84651.0208,0,0,37092.9,0,0,37092.9,0,0,0,10543.46363,0,0,0,0,124,63,41,20,108,12,108,15,1,0,8,116,80,1,16,4,13,10,0,0,0,0,0,0,0,0,0,0,0,0,124,0,0,73,0,108,0,0,105,0,0,99,0,0,0,78,0,0,0,0,0.507967588235294,99.2211647058824,33.3179588235294,97.6470588235294,6.76792352941176,0.118199352941176,0.124926364705882,0.000798993056470588,0.00519132371176471,0,0.00617933294117647,"High","High","High","Medium","Medium","Medium","Low","Low",NA,"Medium"
"96",96,-57.5,-8.83105,23523,9,81,1001508.3,"22079,22080,22081,22082,22083,22084,22085,22086,22087,22439,22440,22441,22442,22443,22444,22445,22446,22447,22799,22800,22801,22802,22803,22804,22805,22806,22807,23159,23160,23161,23162,23163,23164,23165,23166,23167,23519,23520,23521,23522,23523,23524,23525,23526,23527,23879,23880,23881,23882,23883,23884,23885,23886,23887,24239,24240,24241,24242,24243,24244,24245,24246,24247,24599,24600,24601,24602,24603,24604,24605,24606,24607,24959,24960,24961,24962,24963,24964,24965,24966,24967",0,0,0,0,0,0,0,0,0,0,0,12364.3,74185.8,914958.2,0,0,0,914958.2,0,0,0,0,0,0,61821.5,0,0,24728.6,0,0,0,0,272,83,113,75,230,17,255,14,1,9,27,234,170,1,58,5,22,14,0,0,0,0,0,0,0,0,0,0,0,171,271,155,0,0,0,272,0,0,0,0,0,0,185,0,0,144,0,0,0,0,0.0767023634567901,84.0178851851852,0.419650163567901,67.1982167901235,0.00570770122222222,0.00175369974320988,0.00483659028345679,0,0.00287226310962963,0,0.00773623941111111,"Low","Low","Medium","Low","Low","Low",NA,"Low",NA,"Medium"
"97",97,55.5,44.56747,5996,5,24,293742.28135,"5274,5275,5276,5277,5278,5634,5635,5636,5637,5638,5994,5995,5996,5997,5998,6354,6355,6356,6357,6358,NA,6715,6716,6717,6718",0,0,0,0,0,0,0,293742.28135,0,0,0,0,0,0,0,0,0,0,0,0,0,0,0,0,0,146236.18235,0,0,0,0,0,147506.099,67,26,18,23,62,5,58,8,1,0,6,61,40,1,6,3,11,6,0,0,0,0,0,0,0,67,0,0,0,0,0,0,0,0,0,0,0,0,0,0,0,0,0,53,0,0,0,0,0,54,0.03015449625,92.543725,0.00145770220833333,5.11363541666667,0.0010370375,1e-04,2.99337458333333e-05,6.55864166666667e-06,0,0,0,"Low","Low","Low","Low","Low","Low","Low",NA,NA,NA
"98",98,42.5,37.91321,7783,7,46,562427.85798,"NA,NA,NA,6703,6704,6705,6706,7060,7061,7062,7063,7064,7065,7066,7420,7421,7422,7423,7424,7425,7426,7780,7781,7782,7783,7784,7785,7786,8140,8141,8142,8143,8144,8145,8146,8500,8501,8502,8503,8504,8505,8506,8860,8861,8862,8863,8864,8865,8866",0,0,0,111278.7,24728.6,194342.96897,0,9520.18901,0,222557.4,0,0,0,0,0,0,0,0,0,0,12364.3,0,61821.5,0,0,253320.35798,0,74185.8,0,0,0,160735.9,143,66,40,37,125,10,125,16,2,11,27,105,77,0,6,4,34,21,0,0,0,61,125,122,0,59,0,64,0,0,0,0,0,0,0,0,0,0,81,0,66,0,0,127,0,116,0,0,0,62,0.374213391304348,97.38035,9.11037908695652,93.1159413043478,5.7596572326087,0.000201558326304348,0.0779292895304348,0.0485952101869565,0.00482621075869565,0,0.000138364796956522,"High","Medium","High","Medium","Low","Medium","Medium","Low",NA,"Low"
"99",99,29.5,-29.02243,30450,3,9,110440.24591,"30089,30090,30091,30449,30450,30451,30809,30810,30811",0,0,0,0,0,0,98914.4,0,0,0,0,0,11525.84591,0,0,0,0,0,0,0,0,0,0,23890.14591,0,86550.1,0,0,0,0,0,0,152,70,35,46,146,4,122,21,9,5,25,122,94,2,16,9,22,9,0,0,0,0,0,0,151,0,0,0,0,0,108,0,0,0,0,0,0,0,0,0,0,123,0,143,0,0,0,0,0,0,0.396718888888889,99.8377888888889,4.29801644444444,100,1.13926377777778,1e-04,0.0524371266666667,0.009460971,0.0395364111111111,0,0.00123082,"High","Low","High","Low","Low","Low","Low","Medium",NA,"Low"
"100",100,-7.5,10.25936,16733,5,25,309107.5,"16011,16012,16013,16014,16015,16371,16372,16373,16374,16375,16731,16732,16733,16734,16735,17091,17092,17093,17094,17095,17451,17452,17453,17454,17455",0,0,0,0,0,0,0,0,0,0,0,296743.2,12364.3,0,0,0,0,12364.3,0,0,0,0,0,136007.3,98914.4,0,0,0,0,61821.5,0,0,243,114,70,58,211,19,205,27,11,9,47,187,176,0,26,11,20,10,0,0,0,0,0,0,0,0,0,0,0,239,185,0,0,0,0,185,0,0,0,0,0,228,140,0,0,0,0,100,0,0,0.180413812,100,0.740898892,98,0.336704776,0.01324923572,0.0421593152,0,0.01547674076,0.0059197025136,7.22224e-06,"Medium","Low","High","Low","Low","Low",NA,"Medium","Medium","Low"
